station_code,time_window,avg_delay,p95_delay,max_delay,sample_count
BDC,OFFPEAK,0.8653271028037383,2.68,6.54,642
BDC,PEAK,1.51,3.4,3.4,8
BLY,OFFPEAK,0.7900420168067227,2.375,3.88,476
CGR,OFFPEAK,0.7823976608187134,2.1184999999999996,4.61,342
CGR,PEAK,0.08499999999999999,0.16,0.16,4
CNS,OFFPEAK,0.8007100591715975,2.8,5.95,338
CNS,PEAK,0.12,0.15,0.15,4
HWH,OFFPEAK,0.8742385057471265,2.7,7.8,1392
HWH,PEAK,1.03,1.83,1.83,6
SRP,OFFPEAK,0.8627651515151515,2.46,4.22,528
SRP,PEAK,0.81,0.87,0.87,4
